Datetime,Water Level (m)
2025-08-06 18:00:00,0.6658666
2025-08-06 19:00:00,0.6769116
2025-08-06 20:00:00,0.57278454
2025-08-06 21:00:00,0.3873492
2025-08-06 22:00:00,0.2389534
2025-08-06 23:00:00,0.11396857
2025-08-07 00:00:00,0.0065639676
2025-08-07 01:00:00,-0.07365598
2025-08-07 02:00:00,-0.063807674
2025-08-07 03:00:00,0.28113788
2025-08-07 04:00:00,0.6148346
2025-08-07 05:00:00,0.8062201
2025-08-07 06:00:00,0.9549499
2025-08-07 07:00:00,1.0674309
2025-08-07 08:00:00,1.1048274
2025-08-07 09:00:00,0.99592847
2025-08-07 10:00:00,0.7964251
2025-08-07 11:00:00,0.6270688
2025-08-07 12:00:00,0.47745964
2025-08-07 13:00:00,0.33172154
2025-08-07 14:00:00,0.1994395
2025-08-07 15:00:00,0.12028057
2025-08-07 16:00:00,0.28143787
2025-08-07 17:00:00,0.6218385
2025-08-07 18:00:00,0.79428065
2025-08-07 19:00:00,0.87250894
2025-08-07 20:00:00,0.8789092
2025-08-07 21:00:00,0.7580972
2025-08-07 22:00:00,0.5632837
2025-08-07 23:00:00,0.39866033
2025-08-08 00:00:00,0.26014227
2025-08-08 01:00:00,0.13452893
2025-08-08 02:00:00,0.024917854
2025-08-08 03:00:00,0.011646654
2025-08-08 04:00:00,0.45710352
2025-08-08 05:00:00,0.80986303
2025-08-08 06:00:00,1.0243319
2025-08-08 07:00:00,1.1702461
2025-08-08 08:00:00,1.2669127
2025-08-08 09:00:00,1.2481861
2025-08-08 10:00:00,1.052543
2025-08-08 11:00:00,0.8404619
2025-08-08 12:00:00,0.67190677
2025-08-08 13:00:00,0.51476175
2025-08-08 14:00:00,0.36100677
2025-08-08 15:00:00,0.22215702
2025-08-08 16:00:00,0.17479768
2025-08-08 17:00:00,0.5581437
2025-08-08 18:00:00,0.9070297
2025-08-08 19:00:00,1.0714185
2025-08-08 20:00:00,1.1370591
2025-08-08 21:00:00,1.1021442
2025-08-08 22:00:00,0.9052924
2025-08-08 23:00:00,0.6897809
2025-08-09 00:00:00,0.52370566
2025-08-09 01:00:00,0.37927303
2025-08-09 02:00:00,0.24547122
2025-08-09 03:00:00,0.1342588
2025-08-09 04:00:00,0.20840463
2025-08-09 05:00:00,0.7712884
2025-08-09 06:00:00,1.0825802
2025-08-09 07:00:00,1.2866093
2025-08-09 08:00:00,1.4200292
2025-08-09 09:00:00,1.4701529
2025-08-09 10:00:00,1.3454058
2025-08-09 11:00:00,1.0848439
2025-08-09 12:00:00,0.87690586
2025-08-09 13:00:00,0.7026363
2025-08-09 14:00:00,0.5243763
2025-08-09 15:00:00,0.35043
2025-08-09 16:00:00,0.20400476
2025-08-09 17:00:00,0.24086778
2025-08-09 18:00:00,0.7442385
2025-08-09 19:00:00,1.0356191
2025-08-09 20:00:00,1.1659231
2025-08-09 21:00:00,1.1966342
2025-08-09 22:00:00,1.0723542
2025-08-09 23:00:00,0.8226387
2025-08-10 00:00:00,0.6139821
2025-08-10 01:00:00,0.44989744
2025-08-10 02:00:00,0.29531395
2025-08-10 03:00:00,0.1511185
2025-08-10 04:00:00,0.033598393
2025-08-10 05:00:00,0.21004382
2025-08-10 06:00:00,0.8136042
2025-08-10 07:00:00,1.1328266
2025-08-10 08:00:00,1.3380872
2025-08-10 09:00:00,1.463645
2025-08-10 10:00:00,1.4511918
2025-08-10 11:00:00,1.2205887
2025-08-10 12:00:00,0.9661206
2025-08-10 13:00:00,0.7730026
2025-08-10 14:00:00,0.59553427
2025-08-10 15:00:00,0.41760585
2025-08-10 16:00:00,0.25023976
2025-08-10 17:00:00,0.14145763
2025-08-10 18:00:00,0.45700037
2025-08-10 19:00:00,0.9355797
2025-08-10 20:00:00,1.1662465
2025-08-10 21:00:00,1.271162
2025-08-10 22:00:00,1.2677476
2025-08-10 23:00:00,1.0671442
2025-08-11 00:00:00,0.80885017
2025-08-11 01:00:00,0.6156785
2025-08-11 02:00:00,0.450235
2025-08-11 03:00:00,0.2907497
2025-08-11 04:00:00,0.14142518
2025-08-11 05:00:00,0.054400954
2025-08-11 06:00:00,0.49425405
2025-08-11 07:00:00,0.9936977
2025-08-11 08:00:00,1.2719321
2025-08-11 09:00:00,1.4430349
2025-08-11 10:00:00,1.5230213
2025-08-11 11:00:00,1.4164367
2025-08-11 12:00:00,1.1374325
2025-08-11 13:00:00,0.9063741
2025-08-11 14:00:00,0.72157836
2025-08-11 15:00:00,0.5402072
2025-08-11 16:00:00,0.3589681
2025-08-11 17:00:00,0.20103462
2025-08-11 18:00:00,0.19812663
2025-08-11 19:00:00,0.737855
2025-08-11 20:00:00,1.0975776
2025-08-11 21:00:00,1.2828265
2025-08-11 22:00:00,1.3585318
2025-08-11 23:00:00,1.2865644
2025-08-12 00:00:00,1.0288498
2025-08-12 01:00:00,0.7925616
2025-08-12 02:00:00,0.6158647
2025-08-12 03:00:00,0.45148325
2025-08-12 04:00:00,0.28889817
2025-08-12 05:00:00,0.14600655
2025-08-12 06:00:00,0.14835289
2025-08-12 07:00:00,0.75550693
2025-08-12 08:00:00,1.1419394
2025-08-12 09:00:00,1.3767841
2025-08-12 10:00:00,1.5108215
2025-08-12 11:00:00,1.5217639
2025-08-12 12:00:00,1.3058717
2025-08-12 13:00:00,1.0302148
2025-08-12 14:00:00,0.8273926
2025-08-12 15:00:00,0.6485061
2025-08-12 16:00:00,0.4703182
2025-08-12 17:00:00,0.29695618
2025-08-12 18:00:00,0.1679157
